{
  "structures": [
    {
      "structure": "additionalstructures:ice_floes_1",
      "weight": 1
    },
    {
      "structure": "additionalstructures:ice_floes_2",
      "weight": 1
    },
    {
      "structure": "additionalstructures:ice_floes_3",
      "weight": 1
    },
    {
      "structure": "additionalstructures:ice_floes_4",
      "weight": 1
    }
  ],
  "placement": {
    "type": "minecraft:random_spread",
    "spacing": 100,
    "separation": 80,
    "salt": 77932123
  }
}
