{
  "structures": [
    {
      "structure": "additionalstructures:tower_1",
      "weight": 1
    },
    {
      "structure": "additionalstructures:tower_2",
      "weight": 1
    },
    {
      "structure": "additionalstructures:end_tower_1",
      "weight": 1
    },
    {
      "structure": "additionalstructures:end_tower_2",
      "weight": 1
    },
    {
      "structure": "additionalstructures:end_tower_3",
      "weight": 1
    },
    {
      "structure": "additionalstructures:end_tower_4",
      "weight": 1
    }
  ],
  "placement": {
    "type": "minecraft:random_spread",
    "spacing": 40,
    "separation": 10,
    "salt": 4831312
  }
}
